類別,訓練集樣本數,驗證集樣本數,測試集樣本數,合計,比例,比例(%)
None,103201,22115,22115,147431,0.8524486845909223,85.24
Center,3006,644,644,4294,0.024827984966753397,2.48
Donut,389,83,83,555,0.003209019947961839,0.32
Edge-loc,3632,778,779,5189,0.030002891008962126,3.0
Edge-ring,6776,1452,1452,9680,0.05596993350679387,5.6
Loc,2515,539,539,3593,0.020774790401850245,2.08
Random,606,130,130,866,0.005007227522405319,0.5
Scratch,835,179,179,1193,0.006897947383636889,0.69
Near-Full,104,23,22,149,0.0008615206707140792,0.09
